"Taxa","Ams14SC","Fat14SC","GE14SC","Prt14SC","Sta14SC","Ams15SC","Fat15SC","GE15SC","Prt15SC","Sta15SC","Ams14TX","Fat14TX","GE14TX","Prt14TX","Sta14TX","Ams15TX","Fat15TX","GE15TX","Prt15TX","Sta15TX"
"CS_001",1.95471303133833,0.0330481507676721,4.04692110704382,0.0196622139438887,0.471034049780707,1.74167218105223,0.459045922128326,8.05500003667886,-0.396652782655743,0.150319696080295,0.661458475530895,0.542514989527361,-2.65147392538682,-1.5838985452882,1.7596909629162,1.73820216222785,0.459501926106208,8.0688915307669,-0.395455264129814,0.147632591389062
"CS_002",1.8355413655954,-0.450442560833177,-5.71753436029555,-0.812393004258657,1.59250106495496,-0.643614132182031,-0.116214400493774,7.6458760383256,0.000724154713163617,-0.179650753079072,-1.09083548538013,0.0596840490483706,4.71049218438105,-0.714136681764448,0.781326537477261,-0.643925108621704,-0.11528041125111,7.69097096475372,0.00157296565279268,-0.182096772120366
"CS_004",0.614031791730382,0.202823515146596,4.19756065451886,-0.434186086893862,0.380846142965985,0.2078095927054,-0.409204130028011,-6.33653825833262,1.15846657800911,-0.692938118438089,1.46343428303779,0.0297741677797607,28.4392637029501,1.33662535919106,-1.09949472866831,0.206371001681546,-0.408026694874092,-6.2920899777366,1.15829944280788,-0.695009115357258
"CS_005",1.05666940734697,0.154843520865596,13.0611916279569,-0.354342404339074,0.451427983081854,0.497033682457238,0.00169610041634603,2.2550657070838,-0.602983115520367,0.645275369819353,-0.882229061462155,0.40151126354677,12.3238069639036,-0.667237757750914,0.764458185314521,0.495212046784557,0.00253211752399202,2.29701379529184,-0.601604537286166,0.642226636653217
"CS_006",-0.130791119162921,0.571900394231215,-3.90082141774526,-0.837606798749642,-0.364184391590332,-1.80700990893661,0.566237286592071,-1.53706681546697,-1.22961597829441,1.39320838791393,-0.367666549131138,0.50405942789629,-0.0323479318570625,-1.16180822916638,0.439742406181755,-1.80578009903607,0.566604224992664,-1.48219186484076,-1.22768751502028,1.38961319394126
"CS_007",0.196930961630132,0.272948122172674,15.4171941504684,0.960977208274041,-1.07000279274895,-4.7609952750537,0.116033555844341,16.1584056175059,1.34187131833322,-1.25022154368503,-2.3471097271973,0.294690259016021,18.8406587058008,1.22150981843056,-1.33565165894668,-4.75585324508817,0.116774569669546,16.1770054925059,1.34154324116909,-1.25188537372874
"CS_008",-0.335085403293656,0.0921004514212111,-9.00147649525381,-0.875427490486123,0.145573342579785,-0.380387713419123,0.230371011272336,1.73936318815121,-0.194143381881205,0.267642522448073,2.33494556518402,0.533969309164901,13.2599896903811,0.633141498988025,-1.41999341976038,-0.38104730352795,0.2310170218151,1.78166756891009,-0.193123570105986,0.264869698414642
"CS_010",-3.01219175159016,0.00721276923174889,0.889516191964844,0.120517391907836,-0.697487525470793,-2.38220837956667,0.173202283558339,17.9633644337698,0.952136245144487,-0.945915462793603,-3.15835693132278,0.0895939303169806,4.10579828323262,1.17461089441703,-1.62241364571327,-2.38021678424093,0.173895795742323,17.9635390772957,0.95215016965153,-0.947801627381154
"CS_013",3.24432069991359,-0.483659479950792,-5.05170756045527,-1.12756543539598,2.45516799970438,-2.38220837956667,-0.155517900797147,3.80904929746732,0.103889321145475,0.351968303899912,0.870064899448877,-0.0898653572946797,4.36443242167564,-0.65444714211086,0.93314170694192,-2.38021678424093,-0.154551254176144,3.84305247443684,0.104647602230969,0.34913386908928
"CS_014",1.74190648536882,-0.627599462793793,-8.09763921040285,-0.669514835476402,1.88267085209795,-0.945837057428333,-0.569991176723629,-24.2554817828425,-0.950687935718161,1.24288851663021,4.11968941426007,-0.85043090955362,-11.7874516608135,-0.104450669588489,1.26207457411536,-0.945747773729344,-0.568680143203778,-24.2261386558201,-0.949004238345947,1.23940315056474
"CS_015",-5.06790298565568,0.708458839492522,4.25781647350912,0.734053057855167,-2.52869415514343,-2.95415714132312,0.0624378736124683,2.28600785821985,0.130635845776075,0.0219978547405364,-6.79274440580492,0.734792797682711,8.85956660250373,0.151361643212614,-2.12003003451411,-2.95140806444464,0.0632234202263174,2.33137021038385,0.131370656158644,0.0194045055798346
"CS_016",1.97599368593528,0.671551151584061,21.4096353490297,1.68377265034898,-2.46203352836734,1.38745391382806,-0.059045672779776,-3.8233479827346,-0.0680526229083783,0.37029999551987,2.16342472774035,0.636517473514421,16.7497291921906,0.240895952693001,-1.56759150118436,1.38445301710169,-0.0581591851783334,-3.78407167601238,-0.0671434587326585,0.367452167062017
"CS_017",3.15919808152579,-0.675579457074794,-15.6386549570091,-1.45534476377881,2.8590529737007,0.266304352430492,-0.452080675813509,-10.9194146432467,-0.534206337898827,1.05590526210656,2.27468148716327,-0.320598727081099,-4.99010937440755,-1.28545084702025,2.10970927029307,0.264788291702378,-0.450867614428675,-10.8958496000801,-0.532888112900715,1.05255651124272
"CS_018",1.40141601181759,-0.402462566552176,-1.14713048989938,0.267597859771921,0.565143169935189,-2.16122817616077,-0.0983491730831497,-7.48483586715573,-1.41684165070861,1.66085108556541,1.73694048328582,-0.37614564943709,4.83798788643076,-0.718400220311136,1.23677204587125,-2.15952924416222,-0.0974300281033673,-7.4258516757764,-1.414748892514,1.65706034434335
"CS_019",-0.203145344792555,0.180678902401519,-4.57869938138329,1.37700481737531,-2.07775462106987,-1.62502621201411,0.219651874825962,5.29083453520014,0.333145246550614,-0.39229837587066,-1.37361308224673,0.204960615210191,5.77417061290771,0.803683040855425,-0.711522628925285,-1.62403741897125,0.220306791926454,5.32037832339781,0.333702350182472,-0.394589028604223
"CS_022",2.69232090478447,0.629399963697935,19.6816352907827,1.69730343700444,-2.55728149654207,1.76766985204115,0.0374265552375945,11.5583391486272,0.287294061469585,-0.623277690282232,2.41838813475121,0.34169150100955,6.18944232815448,0.466863495667305,-0.656700484396376,1.76416540223711,0.0382328838194778,11.5732458701624,0.287891400592171,-0.625399583060833
"CS_024",-7.2555542782223,0.106863526584596,-14.4516153229049,-0.0307653750380829,0.251446102753583,-5.89189396307212,0.13032573777284,-4.57283564358331,-0.110082875899321,0.384965348815852,-7.04307211450649,0.0981396106794404,-0.804607612842243,0.104462719199079,-0.369938497629788,-5.88525418549096,0.13105487618774,-4.53991280803874,-0.109136829190433,0.382106805440213
"CS_025",3.23580843807481,-0.0776749129577128,0.497853368529254,0.212967971708118,0.0475430090855429,1.50444343327825,0.123179646808591,17.9461743498055,0.111531185325647,-0.593946983690277,3.00712182003085,0.0639568892296005,20.3851780677712,1.58817413344547,-1.46638138820793,1.50128759714336,0.123914722928644,17.963539077296,0.112282760496019,-0.596090306304441
"CS_026",-0.10525433364658,0.206514283937443,-2.16846662178099,-0.70733552721288,0.933737223873579,-1.30330503352611,-0.126933536940149,-18.895613602737,-0.927762343177648,1.77450757360919,-0.738522413874213,-0.0855925171134498,-14.6579263240974,-0.854833453805057,0.0349019542759786,-1.30274232385666,-0.125990641139756,-18.8321814863582,-0.926098763550796,1.77063379177437
"CS_027",-4.62526537003909,0.409506567433982,8.80713080725867,-0.497220573121329,-0.328893471532394,-3.74383639761184,0.394731103450078,6.84138010879079,0.516549986874725,-0.736934178326009,-3.86761877264391,0.897160724569451,11.9777472011979,-0.211039133255616,-1.12058016887174,-3.7400414797259,0.395240546774334,6.86641700254281,0.516946148543676,-0.738973030491856
"CS_029",4.21897468045397,-0.258522583709176,2.84783030914155,-0.476209077712173,1.31801613117105,-0.071665370425589,-0.266282310743017,-7.8320755632369,-0.992718188709103,1.43720444780184,3.25744952873242,-0.273597485087569,0.488563079373128,-1.01684791857909,1.5910074412888,-0.0727338284179939,-0.26522362969215,-7.80377224178958,-0.990997608803722,1.43357710907585
"CS_031",-3.57209485676255,0.0372087876128723,-10.3669414470011,-0.844341172874784,0.926070234530028,-2.80467053313677,-0.20196749206477,-7.86989374795868,-0.0833363512687209,0.388631687139845,-4.67886597676939,-0.247960444000189,-19.4554074555,-0.30910051982937,-0.21812332816512,-2.8021194343914,-0.200962250360276,-7.80377224178958,-0.0824137752627585,0.385770465034762
"CS_032",1.76744327088516,0.0182850756042875,7.26458184111306,0.21717027078995,-0.219099498018836,2.91806679330127,0.419742421824953,18.073380971142,0.145919574136417,-0.89825306458169,3.30380651182531,0.269053217928641,4.97641179151292,0.466863495667309,-0.863337798389954,2.91303877264685,0.420231083181174,18.1009647376643,0.146640972688744,-0.900174052652025
"CS_033",2.78891469153883,-0.00385953714078968,8.9637959366327,-0.509827470366822,0.0985187825025395,1.17622283704301,0.419742421824953,26.561844432772,0.841329214532003,-2.28046261272705,3.9481685768164,-0.0343184349386891,10.4951543230804,-0.407161906403128,0.94157588302329,1.17350169202646,0.420231083181174,26.5869992654162,0.841440374808303,-2.28137371979709
"CS_034",0.00966120117695858,-0.313884115571868,-1.25559096408165,0.183551878135299,0.553379529915882,2.22912851209465,0.162483147111964,11.1354630831027,-0.236173634872146,-0.670940088494137,0.99245629967882,-0.186635024783886,5.380845480468,0.282326377082546,-0.674678984549864,2.22501291240147,0.163185565853677,11.1609688890572,-0.235116940563761,-0.673027157789972
"CS_035",-3.58251329478846,-0.0739841441668667,4.30903391965026,1.82665081913124,-2.28950014141746,-3.18163676247625,-0.434215448402885,-11.4591832797294,0.191770759217446,0.201648432616202,-5.94904731351442,0.0511383686859108,-2.11234924243477,1.16182027877697,-1.50433518057409,-3.17858641452566,-0.433017231280932,-11.4111958264616,0.192451922279044,0.198923825712749
"CS_036",-5.88508012217862,0.80810959684537,14.2542568439599,1.65015425769433,-3.48547021004734,-4.08180612046792,0.216078829343836,15.7836617870815,2.00289256991804,-2.17780513965525,-6.47288122246402,0.815976761126081,19.7003440110487,1.80561459932641,-4.33400125587381,-4.07756359984627,0.216736715296906,15.7990849264927,2.00198443109592,-2.1787912511497
"CS_037",-5.40413732828751,0.291401966126904,0.910605728610975,0.21717027078995,-1.37977864659079,2.02114714418321,0.24109014771871,7.30207435903729,1.15082471382894,-1.66451777429623,-5.90269033042154,0.26905321792864,-6.02828866252378,0.125780411932503,-1.06997511238352,2.01730699232739,0.241727251703746,7.34740681383255,1.15066428454283,-1.66587890791281
"CS_038",2.37181386143858,0.505466555995983,18.4269723090218,0.721446160609672,-1.09353007278757,1.35170711621829,0.337562375736081,14.0543393402609,1.108794460838,-1.39687507664475,2.33958126349331,0.277598898291101,7.66110700323933,0.23236887559963,-0.319333441141569,1.34875356208896,0.338119320701557,14.0812641718871,1.10867091408506,-1.39843175751071
"CS_039",2.5803642764887,-0.280667196454253,-9.89928819820577,-0.207261936474987,0.212233969355875,1.96664418802976,0.388147547568678,12.9172743678141,-0.362877885839893,-0.441168559870151,3.03957170819587,-0.20095920200666,-6.41806123736066,-0.786616837058095,1.18194990134235,1.96235076508052,0.38808575973757,12.9499017143669,-0.361860777863394,-0.442008025344898
"CS_040",-3.11701526561413,0.0678199673789344,-10.7127085016596,-0.520650778278565,1.19054693986547,-4.92023100986089,0.0624378736124683,-13.216009860893,-0.625908708060881,1.49219952266173,-5.23051407557472,0.444239665359071,-0.589686286530145,-0.607548218097325,0.0855070107642075,-4.91487809014489,0.0632234202263174,-13.1633729961595,-0.624510012081316,1.48853200299409
"CS_041",1.37587922630125,0.165915827238135,10.8859565624156,1.91069680076786,-2.02677884765286,2.48260580423671,0.24109014771871,15.1613807475693,0.963599041414745,-1.91016244200377,2.20514601252395,0.0468655285046809,2.30264478281924,1.08081304638995,-1.76157755105589,2.47815450249175,0.241727251703746,15.1806694548346,0.963602907049105,-1.91134410074761
"CS_042",-6.06383762079301,0.966812654851755,18.6920979125781,0.50292660835446,-2.17970616790389,1.90415762473303,0.81635047034081,20.7481580360057,0.726701251829436,-1.34554634010885,-6.06030407293735,0.837340962032231,7.86874286086231,-0.185457901975506,-1.25130989813298,1.90047241228573,0.816509589061063,20.7807651148491,0.726913000832554,-1.34714052318703
"CS_043",3.47415176956067,-0.317574884362715,4.86640024530876,1.36019562104799,-0.928839112517224,2.08939103052915,-0.405631084545886,-1.38923209337274,0.321682450280357,-0.197982444699038,1.3011848422127,-0.69233582284811,-7.81687122556028,0.108726257745762,1.10182522856932,2.0854604973517,-0.404456618244544,-1.37912261956446,0.322249612784897,-0.20041507009312
"CS_044",1.63550321238406,-0.708796376192409,-11.4026708820077,-0.917450481304433,1.73366474518669,1.26071526775703,-0.366327584242513,-11.2150840874347,0.0198288151635904,-0.513287540562432,-0.210052806615333,-0.20095920200666,2.12415079995031,0.66298626881482,-1.36095418719079,1.25788222205655,-0.36518577531951,-11.1707009208167,0.0206608613154177,-0.515489795224343
"CS_047",-3.46759775996492,0.479631174460059,2.0102744251796,-0.240880329129636,-0.101463097825731,-4.74474673068562,0.466192013092576,12.221876389654,-0.01455957364718,-0.894586726257705,-4.81330122773875,0.0938667704982105,5.3552561633168,-0.215302671802299,0.532518343076824,-4.73962622008239,0.466642079365305,12.260374172005,-0.0136973508773084,-0.896510393057467
"CS_048",0.797045421264167,0.088409682630365,3.33288965201153,-0.652705639149077,0.141652129240016,1.37770478720722,-0.126933536940148,-9.08695169263961,0.0198288151635904,-0.362967669278722,2.72897992147354,-0.038591275119919,-4.3453453954718,-0.624602372284064,-0.00305183809018162,1.37471680209822,-0.125990641139756,-9.04060318510595,0.0206608613154177,-0.36527975184783
"CS_050",-5.61694387425703,0.339381960407905,5.68587938357345,-0.152632048411184,-0.626905685354924,-5.96338755829167,0.391158057967954,4.51040472321566,0.226159148028216,-0.51328754056244,-3.90934005742751,0.264780377747411,-0.145272696529614,0.56066134369438,-0.749476421291445,-5.95665309551642,0.391670470144785,4.56453719137145,0.22681013447177,-0.515489795224343
"CS_051",0.639568577246725,0.427960411388214,-0.116755985169388,-0.228273431884143,-1.26606345973746,1.63118207934928,-0.0697648092261507,-7.94209210060937,-0.602983115520367,0.696604106355251,2.54818768741129,-0.45305677269923,-9.61638199162896,-0.313364058376057,0.473479110507244,1.6278583921885,-0.068869415066979,-7.90684148706615,-0.601604537286166,0.693517870976895
"CS_052",0.737459588392701,0.217586590309981,12.853309052441,0.339036944163049,-1.01902701933195,0.194810757210935,-0.0733378547082754,1.76686732249439,0.84515014662209,-0.58661430704229,0.448216353303627,0.918524925475601,16.920937706371,0.066090872278914,-0.913942854878173,0.193389381676916,-0.0724394916965275,1.81602398400236,0.845257953940829,-0.588762987115334
"CS_054",1.81851684191784,0.435341948969905,-2.34923407875103,-0.585468853839781,-0.24262677805745,1.6961762568216,0.555518150145697,20.4524885918175,-0.350801597574716,-0.557283600450352,0.23497423107636,0.551060669889821,19.208574874572,0.731202885561781,-1.26817825029571,1.69276649221165,0.555893995104019,20.5059137941122,-0.349644314539513,-0.559453710358941
"CS_055",-4.0038702558081,0.169606596028981,-9.26660209881037,0.14152888731699,0.0240157290469202,-3.93881893002881,0.126752692290715,-16.8156134430423,-0.832239040925507,1.95415815148486,-4.59078770889291,0.26050753756618,-16.1004491244279,-0.786616837058095,1.46871188810894,-3.93476577979534,0.127484799558192,-16.7707965808315,-0.83065928523767,1.9501531119073
"CS_056",0.737459588392702,-0.236377970964099,-4.34671447827161,0.30121625242657,0.235761249394498,-0.783351613747526,0.155337056147714,-4.50751332451862,-0.117724740079492,0.667273399763313,3.65611958333123,-0.2351419234565,-6.74590732834503,0.100199180652393,0.696984776663552,-0.783477523671472,0.156045412594581,-4.47119997785445,-0.116771987455485,0.664208594220503
"CS_057",2.28243511213139,-0.542711780604331,-0.616879282787003,1.01980939541968,0.59651287665335,0.188311339463704,-0.248417083332393,-6.47749694684086,0.340787110730785,0.14665335775631,2.37666684996762,-0.320598727081099,-5.39445288662131,0.211051182866206,0.0602044825200976,0.186898571674601,-0.247373246544407,-6.46387205319718,0.341337508447522,0.143968931794513
"CS_058",2.55482749097236,-0.439370254460638,0.726825480691307,-0.896438985895278,2.48261649308278,0.483878016417296,-0.0510505085289481,0.809262875590192,-0.288673837997242,0.427129711700398,2.20514601252395,-0.0727739965697594,9.52254425316079,-1.20870715317991,1.70908590642798,0.482491883048694,-0.0505447456125033,0.859867482667284,-0.287762054123463,0.425289032606164
"CS_059",-4.18262775442249,-0.188397976683098,-13.8008524778123,-0.34173550709358,0.0200945157071423,-3.83807795494671,-0.348462356831889,-9.04913350791784,0.172666098767016,1.09623498367049,-4.30801011202631,-0.40178269052447,-15.3026903030332,0.488181188400733,0.127677891171057,-3.83415822475946,-0.347335392171767,-9.00624677001368,0.17336402661642,1.09285676678276
"CS_060",-1.46721622785148,0.125317370538826,-1.95154567341693,1.04922548899249,-1.95227579419723,-1.62827592088773,0.301831920914833,0.738900301422067,-0.00309677737692284,0.0769929296004452,-1.81864011993842,0.110958131223131,-1.42751518571198,0.262213645426425,0.224670916106816,-1.62728282397241,0.302418554406071,0.785331531238855,-0.00224461347973233,0.0743593994980798
"CS_061",-4.76146155945958,0.365217341943829,3.1882756864355,0.776076048673478,-1.38369985993057,-2.20347439151779,0.091022237469467,7.68713223984024,1.28837826907202,-0.865256019665758,-6.77420161256777,0.140868012491741,1.20618174519438,0.969961044176144,-2.65560021568113,-2.20171950917727,0.0917840332627059,7.725327379846,1.28809713331374,-0.867201116301074
"CS_062",1.25245142963893,0.553446550276983,10.4189739652427,0.0911012983350171,-1.37977864659079,3.32428040250329,0.205359692897462,3.55463605479402,-0.0795154191786355,-0.553617262126358,0.870064899448874,0.24341617684126,6.60471404340125,0.270740722519795,-0.800081477779684,3.31871439779153,0.20602648540826,3.60255756879223,-0.0785961961302346,-0.555790050764392
"CS_063",1.47377023744723,0.0515019947219032,-4.21415167649358,-0.946866574877249,0.839628103719097,1.85866170050241,0.00526914589847096,3.06299965341147,-0.461608628187199,0.190649417644222,3.15082846761879,0.0383198481422205,-4.26156250555356,-1.0424291498592,0.439742406181755,1.85503674226952,0.00610219415354075,3.08721134241021,-0.460354109382739,0.187932846929111
"CS_067",-1.62894920278831,-0.262213352500022,1.6939313754819,0.267597859771921,-0.301444978154002,0.0778212377607551,-0.176956173689896,-13.2710181295791,-0.94304607153799,1.40054106456191,-3.21398531103424,-0.1496851198319,-4.62219320563585,-0.475378523150086,0.815063241802741,0.076554801635248,-0.175971713953436,-13.2320858263437,-0.941369080080896,1.39694051313036
"CS_069",-0.799003673507199,0.457486561714982,5.3635107519765,0.956774909192211,-1.93266972749837,2.26487530970442,0.451899831164076,12.3112648262687,0.0618590681545326,-1.15123040893721,-1.41069866872104,0.17505073394158,1.9456568170811,1.21298274133719,-2.44052872560619,2.2607123674142,0.452361772847111,12.329087002189,0.0626542317731927,-1.15296656467592
"CS_071",-4.36564138395628,0.0293573819768263,-4.39190634251425,0.259193261608258,-0.999420952633083,-3.02565073654267,-0.0983491730831497,-15.4575968098531,-0.312592276673859,0.82492594769501,-4.36363849173778,0.0126828070548405,-0.30919574202139,0.633141498988024,-1.24709281009229,-3.0228069744701,-0.0974300281033673,-15.4308963922388,-0.311468523214262,0.821745956786123
"CS_073",1.63550321238406,-0.258522583709176,-10.7699847826122,-0.165238945656676,0.302421876170588,2.80107727385109,-0.362754538760388,-14.0239438072206,-0.11772474007949,0.256643507476093,3.27599232196958,-0.534240736142599,-2.10506377374619,0.901744427429183,-0.644049220274326,2.79620419260518,-0.361615698689961,-13.9535705432778,-0.116771987455485,0.253878719630986
"CS_074",2.50801005085907,-0.336028728316945,-5.9344553086596,-0.514029769448653,1.33370098453013,0.760260101220147,-0.620013813473376,-30.9046062602798,-1.0729577626009,2.62509806477556,2.34885266011189,-0.461602453061689,-12.7892036054876,-0.782353298511412,1.97054536495046,0.758089851878309,-0.618661216017457,-30.8569267685981,-1.07116677058675,2.62060281770979
"CS_075",-0.713881055119392,0.287711197336058,12.0669706146207,1.55350137881222,-1.10529371280688,0.584775822044874,0.13747182873709,10.8879258740149,1.06294327575697,-0.993577861005508,0.0310035054676674,0.84161380221346,26.8036759823732,1.57538351780542,-3.17851913272608,0.582837981815808,0.138195029446837,10.9204739834123,1.06285996449476,-0.995429202110293
"CS_076",-4.68485120291055,0.760129602564369,11.5276810346597,0.0532806065985375,-2.10520311444826,1.24771643226257,0.316124102843332,9.00733068830737,-0.064231690818293,-0.0256645434713685,-3.69146223689095,0.15795937321666,-0.553258943087528,0.509498881134157,-1.68566996632355,1.24490060205192,0.316698860924265,9.03087115334612,-0.0633258796001335,-0.0282230691493037
"CS_077",3.25708909267176,-0.550093318186024,0.0459347261036502,0.990393301846861,0.435743129722778,-3.11014316725669,-0.169810082725646,8.63258685788328,1.84241342213444,-1.19522646882513,-1.32262040084456,0.24341617684126,9.47518870668544,1.53701167088525,-1.77844590321863,-3.1071875045002,-0.168831560694339,8.65295058733268,1.84164610752987,-1.19693047981052
"CS_078",0.873655777813192,-0.332337959526099,-3.57845278614831,-0.278701020866115,0.921973583854272,-1.00108210827981,-0.191248355618396,-2.91227353262047,-0.282024819953174,1.05223892378257,1.93627551058522,0.170777893760351,5.86523897151453,0.0788814879189682,0.680116424500803,-1.00091965874902,-0.19025202047163,-2.89080488361718,-0.280927890154062,1.04889285164817
"CS_079",2.2739228502926,0.0588835323035954,-3.63870860513832,0.397869131308684,-0.24262677805745,1.85541199162879,0.305404966396958,14.7453807156306,0.428668548802756,-0.597613322014261,3.13228567438163,-0.00440855367007916,-5.70772804022853,0.67151334590819,-1.11214599279036,1.85179133726836,0.30598863103562,14.7683924737292,0.429141828495598,-0.599753965898981
"CS_080",-4.14006644522859,0.431651180179059,8.93065523618807,-0.224071132802311,-1.33664529985332,-5.31994520131567,0.191067510968963,-5.97210847828686,-0.553310998349254,0.725934812947198,-4.88283670237808,0.337418660828321,-9.31767777539917,-0.594757602457269,-0.0157031022122319,-5.31406290528725,0.191746178890066,-5.91416941172342,-0.55197600856334,0.722827147733288
"CS_081",2.11435123477032,-0.271467947063795,0.817221318313683,-0.571388293007261,0.526129850450704,-1.06607628575213,-0.620013813473376,-16.9565721315505,0.207054487577787,1.0412399088106,5.28324968989147,-0.803429667560089,-8.3086403620367,-0.0106528215614171,1.56570491304469,-1.06582775877217,-0.618661216017457,-16.9082222411998,0.207722238809145,1.03790187286454
"CS_082",2.13347052995272,-0.380317953807099,-4.66004473701993,0.225574868953611,1.99638603895128,1.95615296671089,-0.269855356225142,-9.52014180854293,0.16120330249676,0.590280294959462,1.29654914390341,-0.0471369554823794,-2.70611494055074,0.292058415253222,0.435525318141074,1.95239889230424,-0.268793706321699,-9.48723658130315,0.161911289218844,0.587271742734972
"CS_083",2.67825528763468,-0.616527156421255,3.67936061120449,-0.177845842902171,1.09058575746438,-0.676111220918192,-0.595002495098503,-17.6235473893697,-0.813134380475077,0.971579480654726,1.20847087602693,-0.7906111470164,-1.61329463726977,-0.573439909723844,1.46871188810894,-0.676379158633277,-0.593670679610617,-17.5609941279498,-0.811571389575044,0.968292340568095
"CS_084",-2.62363180853421,0.0547581624978407,-6.3396585555072,-0.634142897570185,0.842211766933989,-4.61800808461459,-0.112641355011649,-13.4119768180873,-0.285845752043259,0.938582435738786,-4.8364797192852,0.0511383686859102,-15.6961056122142,-0.509486831523568,1.10604231661001,-4.61305542503725,-0.111710334621562,-13.369511486712,-0.284745469286587,0.935319404217145
"CS_085",1.42695279733393,-0.103510294493636,4.80011884441949,-0.131620553002029,0.890603877136103,0.445038340479381,-0.0769109001904004,0.319462252690475,0.780194301090635,-0.806594606481874,1.65349791371862,0.0938667704982105,5.53375014618628,0.296321953799906,0.186717123740647,0.443285566766038,-0.0760095683260762,0.373054550133398,0.780359108687903,-0.808582562788289
"CS_088",4.44454961918166,-0.391390260179638,-10.2487719483481,-0.564457358430625,1.59250106495495,2.59309590593966,0.108887464880091,4.22504932940631,0.138277709956245,0.21998012423616,2.47865221277196,0.18359641430404,-10.8257697939264,-0.458324368963348,1.53196820871921,2.5884982725311,0.109634416410449,4.25532945554229,0.139005814423694,0.217242123685503
"CS_089",2.12921439903333,-0.568547162140255,-13.0958593956285,-0.497220573121329,1.404282824646,1.52719139539356,-0.327024083939139,-10.3487038556278,-1.22961597829441,1.59852333405754,1.92236841565735,-0.431692571793079,-11.0151919798283,-0.74824499013793,1.86511816393333,1.52400543215146,-0.325914932394475,-10.3117905435138,-1.22768751502028,1.59477813123601
"CS_090",0.57998274437526,0.298783503708597,-0.872966513494687,-0.719942424458373,0.792573543641861,-1.38454775536651,0.412596330860703,18.7437942457543,0.562401171955753,-0.689271780114095,2.1031606497196,0.42287546445292,7.362402787009,-0.424216060589867,0.346966469286676,-1.3838774488856,0.413090929922077,18.7537366244144,0.562757098133975,-0.691345455762709
"CS_091",-0.352109926971217,-0.310193346781022,-3.5181969671583,0.82230133857362,-0.693566312131015,-1.92724913726041,-0.391338902617387,-7.26136477561821,1.41064809595476,-0.271309211178888,2.72434422316425,-0.48296665396784,-4.89175554711188,1.51569397815183,-1.11636308083105,-1.92586008407889,-0.390176311726349,-7.21971318522354,1.41025966555454,-0.273688261984094
"CS_092",-4.63803376279726,-0.166253363938021,-10.2638359030957,-0.858618294158799,0.25928852943313,-4.1370511713194,-0.130506582422273,-15.4954149945749,-0.763462263303964,0.6746060764113,-3.59411257239589,-0.46160245306169,-25.6225567003476,-1.59242562238157,1.67113211406182,-4.13273548486595,-0.129560717769304,-15.4308963922391,-0.761942860852219,0.671535913409609
"CS_093",1.69083291433613,-0.450442560833177,-13.1410512598711,-0.766167714358515,1.57681621159588,-0.555871992594395,-0.444934584849259,-22.649927940566,-0.637371504331138,1.88083138500498,2.45547372122552,-0.97434327480929,-14.07144609467,-0.957158378925498,2.91517308606392,-0.556299173590453,-0.443727461169578,-22.5770307313985,-0.635962749478891,1.8768799200163
"CS_094",-2.60785931424808,0.239731203055058,3.69141177500224,0.595377188154744,-1.5483908202009,-2.3074650754735,-0.130506582422273,-1.58519905056734,0.711417523469092,-0.469291480674512,-3.57093408084945,-0.54705925668629,-11.8020225981906,0.978488121269513,-2.37305531695523,-2.30557246921431,-0.129560717769304,-1.55090469502504,0.711642684302452,-0.471525880089754
"CS_097",2.90383022636237,-0.55378408697687,-10.1915289203075,-1.09814934182317,1.2591979310745,3.61675420112875,-0.341316265867639,5.88904945716202,-0.152113128890263,-0.208981459671019,5.51967030366519,-1.29480628840154,-18.861641757384,-0.812198068338206,3.60255843669561,3.61080084789569,-0.34019523891267,5.90443737996385,-0.15113019964821,-0.211406048876759
"CS_098",-4.25072584913274,0.280329659754366,2.9593035742732,-0.0811929640200555,-1.18763919294206,-3.8153299928314,0.133898783254965,11.0804548144163,-0.641192436421225,-0.109990324923207,-4.40999547483066,-0.0855925171134498,-4.90268375014488,-0.918786532005333,0.275275972595036,-3.81144038975136,0.134624952817289,11.1266124739652,-0.639780328611416,-0.112487239823942
"CS_099",-0.709624924200004,0.295092734917751,4.48980137662055,0.944168011946719,-1.12097856616597,2.22262909434741,-0.059045672779776,19.3316951173376,1.43357368849528,-1.25022154368503,0.967414563943931,-0.0300455947574592,-1.3036622180067,0.641668576081394,-1.09949472866831,2.21852210239916,-0.0581591851783334,19.3721520960724,1.43316514034969,-1.25188537372874
"CS_101",-4.33584846752055,0.210205052728289,-0.963350241979708,-0.316521712602593,-0.399475311648253,-3.90307213241903,-0.0876300366367749,-17.0184564338223,-0.954508867808246,1.27955189987014,-5.10535022122393,0.345964341190781,-11.8093080668789,-0.66297421920423,-0.20125497600238,-3.89906632478261,-0.0867197982147216,-16.9769350713841,-0.952821817478472,1.27603974651024
"CS_102",0.494860125987453,0.549755781486137,11.2324275216086,-0.0937998612655464,-0.913154259158148,0.305300858913886,-0.166237037243522,0.976123460131311,-0.0183805057372654,0.311638582335993,0.707815458623781,-0.00440855367007916,3.35175227396902,-0.718400220311136,0.734938569029712,0.303733151716269,-0.16526148406479,0.99147002179145,-0.0175149300098334,0.308833613549231
"CS_103",3.0655632012992,0.0109035380225953,-1.41526888440531,-1.28725280050556,1.77287687858439,3.67199925198022,0.512641604360199,31.344125791673,-0.140650332620007,-1.27221957362898,3.18327835578381,0.435693984996611,16.5129514598131,-0.905995916365276,0.94157588302329,3.66597273291537,0.513053075549436,31.36254096322,-0.139677462250635,-1.27386733129605
"CS_104",-3.65912365133749,-0.103510294493636,-3.84357838970462,0.58697258999108,-1.71700299381102,-2.20347439151779,-0.0840569911546502,-20.6558782006934,-0.075694487088549,0.53528522009957,-5.16561429924467,-0.166776480556819,-21.3714857205856,-0.292046365642629,-0.28559673681608,-2.20171950917727,-0.0831497215851732,-20.5843586560561,-0.0747786169977096,0.532316848816735
"CS_105",-2.04179390196917,0.571900394231214,9.54526458988671,1.06603468531982,-1.7718999805678,-0.672861512044575,-0.0912030821188998,0.996751560888497,1.43357368849528,-0.967913492737563,0.545566017798685,-0.213777722550349,1.51581416445718,1.6649178272858,-2.11581294647343,-0.67313375363212,-0.0902898748442704,1.02582643688373,1.43316514034969,-0.969783584948458
"CS_106",1.95045690041894,0.0441204571402107,14.0795149688889,-0.74935851803119,0.373003716286447,0.331298529902815,-0.398484993581636,-8.48529875388488,-1.00800191706945,0.549950573395526,2.35812405673047,-0.56842345759244,0.656128859209605,-0.535068062803679,1.03856890795904,0.329696391725527,-0.397316464985446,-8.42218771344764,-1.00626792533382,0.546971487194931
"CS_107",-3.66337978225688,-0.0223133810950202,-3.33441671923863,-0.0475745713654055,-0.987657312613776,-2.68118159593936,-0.184102264654146,-17.3450680291463,0.210875419667874,-0.57561529207031,-5.18879279079112,-0.166776480556819,0.211715269209075,0.368802109093553,-2.93814511440703,-2.67879404434741,-0.183111867212533,-17.2861428072132,0.21153981794167,-0.577772008331678
"CS_108",-12.0947751335691,0.789655752891139,-0.195088549856406,-1.09814934182317,-0.485742005123206,6.22682869208222,0.687469024080863,18.7538493580076,-0.285235584645303,-0.652887538931353,-5.21197128233756,1.37999166504844,33.7103002991076,0.688567500094931,-3.19117039684813,6.2133346676119,0.687443242995024,18.7593986828459,-0.283958799646885,-0.654853997344704
"CS_110",-2.08435521116307,0.439032717760752,-3.67486209653233,-0.404769993321045,0.220076396035413,-3.74708610648546,0.201786647415337,1.09301603108923,0.0312916114338487,0.0293305313885317,-3.72391212505597,0.551060669889821,-1.67157838677812,-0.803670991244836,-0.365721409589108,-3.74328688472705,0.202456408778711,1.12889568216002,0.0321135987129938,0.0267318247689328
"CS_111",0.975802919878558,-0.5242579366501,-0.737390920767031,0.427285224881501,0.800415970321399,-1.44954193283884,-0.237697946886019,-6.20245560341011,0.249084740568729,0.41429605540779,-0.794150793585675,-0.188140681462969,-3.43830454374888,0.901744427429183,-0.0663081587004516,-1.44878554890875,-0.236663016655762,-6.1890207324603,0.24971560926692,0.411416082196606
"CS_112",0.71617893379575,0.250803509427597,6.8699062267281,-0.526636666694146,0.62788258337151,NA,NA,NA,NA,NA,1.71839769004866,0.0126828070548405,-1.59872369989288,-0.0788694383083782,0.734938569029712,0.231437563294958,-0.162056343315877,-7.514182201627,-0.166635820391992,0.501542079923378
"CS_113",3.54224986427091,-0.358173341062022,-13.4332919819728,-1.24102751060542,3.18451368090163,1.40783863434172,0.203795215467022,6.39959098558709,-0.204847866149096,0.296451904652447,4.79650136741619,0.337418660828321,-2.32362783440244,-0.74824499013793,0.646379720175342,1.40379330100848,0.204394458622159,6.407675398512,-0.203685182261959,0.293390786015123
"CS_115",0.073559984865141,0.189303369949268,6.34153950004299,-0.141264183062851,-0.486622411895535,0.734262430231217,0.101741373915841,-1.52331474829551,-0.144471264710091,0.216313785912166,-0.506737498409792,0.230597656297571,-3.31809431038775,-0.539331601350364,0.309012676920516,0.73212661186905,0.102494263151352,-1.48219186484076,-0.14349504138316,0.213578464090963
"CS_116",1.36311083354308,-0.288048734035945,-12.8488105377692,-1.1569815289688,2.43948314634531,0.325010212315961,-0.256750863916444,-7.61552400433021,-0.616408382635619,1.11597967381303,2.35348835842118,-0.67524446212319,-24.6135192869849,-0.842042838165002,3.45917744331232,0.32393557425957,-0.255979286092917,-7.56652001215389,-0.615031417308156,1.11334469858067
"CS_118",3.25283296175237,-0.771539445636794,-3.77428419786623,-0.140025151165688,0.612197730012426,1.15997429267493,-0.341316265867639,-16.7881093086994,-0.576236590889768,1.22089048668625,1.01377154703682,-0.196686361825429,-5.29974179367034,-0.343208828202852,0.629511368012592,1.15727466702067,-0.34019523891267,-16.7364401657392,-0.57488148335849,1.21742119299744
"CS_121",-4.60398471544214,-0.107201063284483,-3.28922485499599,-0.0980021603473805,-0.744542085548029,0.448288049352997,0.305404966396958,-0.591612197423926,0.749626844369949,-1.12189970234527,-5.62454843186423,0.196414934847731,-3.72972329129009,0.373065647640236,-1.47059847624861,0.446530971767196,0.30598863103562,-0.554568657353813,0.749818475627702,-1.12365728791952
"CS_122",2.96767219015322,-0.0592210690034823,-4.45216216150426,-0.614884947412596,0.651409863410133,1.85541199162879,-0.0268882634406529,3.56151208837975,0.180307962947188,0.21998012423616,3.266720925351,0.37160138227816,12.8374325064455,0.714148731375041,-0.947679559203653,1.85179133726836,-0.0260284955123963,3.60255756879223,0.180999184881469,0.217242123685495
"CS_123",-4.19114001626127,0.435341948969905,6.92413646381936,0.763469151427984,-1.43467563334757,-2.26020223624213,0.188006661245709,5.08452785943038,0.880039915524517,-1.13580717712658,-6.65367345652627,0.598061911883351,18.0683990248156,1.57964705635211,-3.06044066758689,-2.25620799603617,0.188203504135005,5.09923013534099,0.87929284478044,-1.13584567170574
"CS_124",2.51226618177846,-0.623908694002947,-8.83878578398077,0.116315092826002,0.863155383757711,-1.17331667858147,-0.473518948706258,-14.7871835352408,-0.599162183430284,1.1475637202064,-1.06765699383369,-0.576969137954899,-12.2719353286013,-0.253674518722464,1.32954798276633,-1.17292612381036,-0.472288074205966,-14.7437680903965,-0.597786958153641,1.14414800110646
"CS_125",2.01004273329041,-0.402462566552176,-6.3682972053882,0.460903617536147,0.549458316576104,1.28996264761958,0.233944056754461,14.2606203478338,-0.0298433020075225,-0.912918417877663,2.48792360939054,-0.376145649437089,8.2330162952893,0.12151687338582,0.427091142059704,1.28709086706697,0.234587098444649,14.2874026624397,-0.0289676674074084,-0.914828691030213
"CS_126",-4.07622448143774,0.446414255342444,8.86136104434943,-0.787179209767671,0.149494555919545,-3.61709775154081,0.59482165044907,10.2209506161954,-0.438683035646684,0.0549948996564765,-5.77289077776146,0.901433564750681,14.4438783522681,-0.373053598029646,-0.698871364803235,-3.61347068468076,0.595164838029053,10.2333456815702,-0.437448634587589,0.0523774419307765
"CS_127",-0.304343260913339,0.171753995064299,-0.686802162842754,-0.69937684507851,0.887366326408777,0.194810757210935,0.173202283558339,-0.268438618892805,-1.3136764842763,1.07423695372653,2.31176707363758,0.239143336660031,18.9608689391617,-0.151349593602024,-0.555490371419937,0.193389381676916,0.173895795742323,-0.211004506432643,-1.31167425593583,1.07087480921548
"CS_128",-1.87154866519356,0.029357381976826,6.8940085543241,0.692030067036858,-1.21508768632043,-1.94999709937572,0.387585012485829,5.94061970905525,0.520370918964811,-0.931250109497621,-2.15241039820719,0.12804949194805,5.58110569266162,1.14050258604354,-0.918159942918854,-1.94857791908699,0.388100393515237,5.97315021014787,0.520763727676201,-0.933146989002958
"CS_129",1.01836422907246,0.302474272499443,10.744355387789,-0.287105619029776,0.19262790265703,2.07314248616107,0.319697148325457,14.288124482177,0.516549986874723,-1.02657490592145,2.38130254827691,0.10241245086067,8.37508293471616,-0.0618152841216374,-0.0958277749852511,2.06923347234591,0.320268937553814,14.3217590775317,0.516946148543673,-1.02840213846124
"CS_130",-3.35268222514138,0.243421971845904,-2.56916781806495,0.14573118639882,-0.568087485258381,-3.52610590307956,0.13747182873709,9.88402497049286,0.508908122694554,-0.604945998662265,-4.45171675961426,0.0297741677797607,-3.43466180940446,0.492444726947417,-0.150649919514151,-3.52259934464835,0.138195029446838,9.92413794574106,0.509310990278624,-0.607081285088079
"CS_131",3.51245694783518,-0.00385953714078968,5.11646189411719,0.414678327636007,-0.219099498018836,2.80107727385109,0.276820602539959,24.7328194989577,1.7736366445129,-2.72042321160621,2.26077439223541,0.0725025695920604,8.26580090438804,2.13817060596785,-1.44107885996381,2.79620419260518,0.277428017999231,24.7661092655343,1.77292968314442,-2.72101287114299
"CS_132",4.40198830998776,-0.0370764562584049,2.27841281968554,-0.0433722722835772,0.0161733023673645,2.12188811926532,0.0767300555409678,3.76091706236695,-0.16357592516052,0.0659939146284565,3.43824176279467,0.439966825177841,12.3347351669366,-0.876151146538481,0.456610758344495,2.11791454736328,0.0775037267445121,3.77433964425282,-0.162582937045786,0.0633684207144238
"CS_133",2.8442443934909,0.394743492270597,11.9464589766409,0.280204757017413,-0.728857232188953,2.66458950115921,0.337562375736081,8.39192568238117,-0.499817949088056,0.355634642223914,2.83560098258718,0.739065637863941,5.15854850872628,-0.658710680657544,-0.171735359717581,2.65989718255657,0.338119320701557,8.44681209678035,-0.49852990070799,0.35279752868382
"CS_138",2.64420624027956,-0.243759508545791,-2.9789073871973,0.044876008434875,0.051464222425303,1.07873157083453,0.169629238076214,0.346966387033391,-1.0729577626009,0.920250744118828,2.19587461590537,-0.1496851198319,0.280927221750157,-1.03816561131251,1.26629166215605,1.07613954199174,0.170325719112775,0.407410965225675,-1.07116677058675,0.917001106244399
"CS_140",0.0735031649678132,0.346763497989597,11.967548513287,0.0868989992531875,-0.415160165007347,-0.84002035109383,0.632764186407862,8.14951562358053,-0.301041179304351,-0.40064797386352,1.33827042868701,0.320327300103401,1.94201408273667,-0.142822516508654,0.502998726792034,-0.838810690194005,0.632386294362928,8.18716095642466,-0.300111841413452,-0.401534162640508
"CS_141",1.81426071099845,-0.12934567602956,-6.80515189306618,-0.0265630759562522,0.157336982599092,-1.13107046322445,-0.362754538760388,-11.2460262385705,0.130635845776075,0.120988989488348,2.33494556518402,-0.38041848961832,-5.01925124916131,-0.390107752216387,1.78077640311963,-1.13073585879532,-0.361615698689961,-11.205057335909,0.131370656158645,0.118323314632669
"CS_142",0.818326075861118,-0.133036444820405,1.63668834744127,-0.656907938230909,1.09058575746439,-5.44018442963947,0.0981683284337166,-6.02367873018009,-0.881911158096619,1.12923202858643,-3.41795603664293,0.465603866265221,2.74341563847589,-0.897468839271905,0.384920261652845,-5.43414289033008,0.0989241865218034,-5.98288224190771,-0.880287813960495,1.12582970313371
"CS_143",1.79723618732089,-0.254831814918329,0.699710362145926,-0.203059637393157,1.14548274422117,-3.24988064882219,0.173202283558339,1.62934665077902,-0.687043621502251,0.289640552392042,-0.45110911869833,-0.17104932073805,-1.82821596358159,-0.871887607991797,1.34219924688838,-3.24673991954997,0.173895795742323,1.67859832363379,-0.685591278201718,0.286851655981945
"CS_144",-4.71038798842689,0.180678902401519,-2.1293003394376,0.427285224881499,-0.552402631899296,-2.01499127684805,-0.0626187182619009,3.54432200441542,-0.0183805057372643,-0.0109991901754037,-4.54906642410931,0.0511383686859102,-12.6835643095037,0.172679335946038,0.292144324757776,-2.01348601911014,-0.0617292618078818,3.56820115369995,-0.0175149300098323,-0.0135684307711073
"CS_148",3.38143858826287,-0.312416488462056,1.76151998344972,-0.651118673295211,0.687396134289239,4.52342297686765,0.884238334501182,30.7906050880189,-0.152113128890262,-2.10814471149938,3.90181159372352,-0.0343184349386891,11.4568361899675,0.0533002566388575,0.616860103890533,4.51626884321862,0.884341045022487,30.8128383217462,-0.15113019964821,-2.10918171885328
"CS_149",4.32963408435812,-0.155181057565483,9.16565293024963,1.67536805218532,-1.44643927336689,1.54343993976164,-0.123360491458023,9.24111583022375,1.43739462058536,-1.29055126524894,2.62699455866919,0.17505073394158,24.6143926414674,1.99321029538055,-2.86223752967471,1.54023245715725,-0.122420564510207,9.271366058991,1.43698271948221,-1.29218562926879
"CS_150",-0.93945599384708,0.129008139329673,-3.55736324950193,-0.333330908929919,-0.0151964043507873,-0.068415661551971,-0.116214400493774,-10.5652989135796,-0.709969214042766,1.11090033696646,0.823707916355991,-0.14113943946944,-4.52019664399686,0.134307489025873,-0.137998655392101,-0.0694884234168368,-0.11528041125111,-10.5179290340667,-0.708496752996867,1.10751140516096
"CS_152",0.907704825168313,0.387361954688905,7.0928527569914,-0.329128609848086,-0.0936206711461934,2.03414597967768,-0.101922218565274,1.86313179269539,0.0198288151635904,-0.120989339895178,2.72897992147354,0.333145820647091,6.37886451405642,0.381592724733606,-1.01515296785461,2.03028861233203,-0.101000104732916,1.88473681418665,0.0206608613154177,-0.12347821860758
"CS_153",2.98871560735583,0.225764341343654,-2.27438664014595,-0.0132756309916025,0.268103796309056,3.12604816121271,-0.0411804453691521,10.623198580963,0.570043036135924,-1.0962353340773,4.1104180176415,-0.124048078744519,1.36646205634228,-0.539331601350362,1.3928043033766,3.12074469272092,-0.0403088020305905,10.6456226626754,0.570392256399024,-1.09801167075769
"CS_154",3.33369944922079,-0.221614895800714,-7.20886588029952,-0.749358518031193,0.941579650553117,2.14138637250701,-0.648598177330375,-26.2289034219578,-0.0604107587282065,1.0962349836705,3.56340561714546,-0.0599554760260697,-9.95879901999049,-0.709873143217765,0.756024009233142,2.13738697737022,-0.647221829053846,-26.1500979009783,-0.0595083004676085,1.09285676678277
"CS_155",1.94194463858016,0.106863526584596,-0.619892073736379,-0.156834347493015,0.878840237116804,1.85866170050241,-0.384192811653137,-11.6723403208883,-0.152113128890262,0.97524581897872,3.47996304757827,-0.128320918925749,-6.31606467572138,0.0362461024521177,0.406005701856275,1.85503674226952,-0.383036158467252,-11.6173343170145,-0.15113019964821,0.971956000162644
"CS_156",-4.29754328924603,0.420578873806521,3.64320711981023,0.465105916617982,-1.01118459265241,-2.26020223624213,0.104614625277805,-0.144288873256447,0.55230537088614,-0.643771489903274,-7.87286211186913,0.196414934847731,-4.46919836317708,0.667249807361503,-2.03990536174109,-2.25620799603617,0.104919230967269,-0.134550917342903,0.552023481595747,-0.644377338866803
"CS_157",-4.54014275165128,0.284020428545212,2.63994773362587,0.990393301846861,-0.846493632382049,-4.09480495596239,0.119606601326466,7.01671896522768,0.894822263793204,-1.31621563351691,-4.92455798716168,0.760429838770091,18.6949493320301,1.41763259157807,-2.63451477547771,-4.0905452198509,0.120344646299095,7.07255549309567,0.894886482663654,-1.31783124643064
"CS_158",0.826838337699898,0.0551927635127493,8.31002030059068,1.24673354583855,-1.62289387365654,0.211059301579017,-0.0733378547082754,3.61308234027298,0.856612942892348,-1.01924222927346,-1.77691883515483,0.525423628802441,16.5093087254689,1.23430043407062,-2.60499515919291,0.209616406682703,-0.0724394916965275,3.63691398388424,0.856710691338405,-1.02107481927215
"CS_160",-0.356366057890606,-0.199470283055637,1.53124066420862,0.86852662847376,-0.191651004640444,1.54668964863526,-0.130506582422273,11.1010829151738,0.730522183919521,-1.16589576223319,-0.381573644059003,0.0212284874173009,5.85795350282595,0.884690273242441,-0.711522628925285,1.54347786215841,-0.129560717769304,11.1266124739652,0.730730579965077,-1.16762120305412
"CS_161",3.80187385035372,-0.114582600866175,-1.51469098573896,-0.245082628211467,1.06313726408599,3.16829437656972,0.291112784468458,-0.179050182277797,-0.209427110241547,0.102657297868381,4.11968941426007,0.0853210901357507,-3.69693868219163,-0.535068062803679,0.422874054019015,3.16293495773597,0.291708324517425,-0.142291676248356,-0.208393886636086,0.100005016659932
"CS_162",2.2594709163289,0.358947327170633,5.37136963860172,-0.989305500671058,0.790606556105658,2.46635725986863,-0.0733378547082754,6.80699994086215,0.0121869509834208,0.183316740996235,4.28657455339446,-0.0984110376571395,-11.0406911202382,-0.560649294083788,1.03856890795905,2.46192747748596,-0.0724394916965275,6.8320605874508,0.0130257030503688,0.180605527740004
"CS_165",0.877911908732582,0.0330481507676721,1.96206976998759,-0.585468853839781,-0.991578525953545,1.39720304044891,-0.0304613089227776,-2.46876936633829,-0.629729640150967,0.384965348815843,1.23164936757337,0.504059427896291,10.1527372947191,-0.718400220311136,-0.677785924599805,1.39418923210517,-0.029598572141945,-2.40981507232797,-0.62832759121384,0.382106805440213
"CS_167",-0.471281592714146,-0.12934567602956,0.24176613782132,0.742457656018828,-0.332814684872172,-0.750854525011365,-0.480665039670508,-11.7135965224027,0.975061837685,-0.0623279267113019,-0.511373196719081,-0.290688845812489,-13.7800273471285,0.347484416360126,0.00538233799118833,-0.751023473659898,-0.479428227465063,-11.6860471471985,0.975055644446681,-0.0648596650947948
"CS_168",-5.99148339516337,0.42057887380652,-2.95480505960104,-0.446792984139355,-0.415160165007347,-1.27730736253718,-0.427069357438635,-10.5962410647156,1.66282961390042,-3.43535918478483,-4.38218128497493,0.0126828070548405,-4.09035399137293,1.00833289109631,-1.25552698617367,-1.2767790838474,-0.425877078021835,-10.5522854491589,1.66221988830119,-3.4354264920801
"CS_169",2.08665308983943,0.217586590309981,7.65323187359878,-1.61503212888839,2.0473618123683,2.23562792984188,0.716305196841315,31.0484563474851,-0.297308548313517,-1.09623533407731,3.93889718019782,0.42714830463415,29.9254993154119,-0.313364058376057,0.789760713558631,2.23150372240379,0.716547443433704,31.0533332273909,-0.296198206684163,-1.09801167075769
"CS_171",-4.06771221959896,0.597735775767137,2.40193724861519,-0.257689525456959,-1.09353007278757,-2.96065655907035,0.419742421824953,10.4616117916973,0.749626844369949,-0.74793319329798,-3.57093408084945,0.63224463333319,-0.0797034783326841,-0.415688983496497,-0.466931522565547,-2.95789887444695,0.420231083181174,10.5081970023071,0.749818475627702,-0.749964009275503
"CS_175",2.12917096989889,-0.242218988922181,4.13735817746811,0.34188697210927,-0.596283485065492,1.61168382610758,-0.141225718868648,3.18676825795539,0.421026684622584,-1.12556604066927,2.81705818935002,-0.32487156726233,15.2671363140731,1.08507658493664,-1.8965243683578,1.60838596218156,-0.14027094765795,3.22463700277879,0.421506670230548,-1.12732094751408
"CS_176",-5.02534167646177,0.228658896682519,-3.06929111568232,-0.972080369368234,0.271052169452427,-0.773602487126678,0.555518150145697,-15.0175306603641,-1.69576969328486,2.11914337606454,-5.54574156060633,0.264780377747411,-13.0660514156517,-1.35366746376721,1.10182522856933,-0.773741308668002,0.555893995104019,-14.9499065809493,-1.69343216918833,2.11501779366201
"CS_177",2.64846237119895,-0.80475636475441,-14.8884700105828,-0.782976910685839,2.25518611937611,4.4519293816481,-0.0340343544049025,3.59933027310152,-0.213248042331633,-0.223646812966992,4.49054527900315,-0.88034079082223,-3.18331313964974,0.419964571653773,0.115026627049007,4.44486993319316,-0.0331686487714935,3.60255756879223,-0.212211465768611,-0.226060687254964
"CS_179",1.56740511767381,0.291401966126904,2.37180933912019,0.297013953344736,-1.59152416693838,1.89443154980188,0.326993387858882,9.14498173501393,-0.022775999894408,-0.597462248752848,1.40780590332634,0.623698952970731,12.382090713412,0.219578259959575,-1.79953134342205,1.89027971563091,0.327010626081231,9.18157935643452,-0.0222416273887128,-0.598121495776078
"CS_180",0.284113946392194,-0.125223156355722,0.364475382974247,0.356383404888899,0.100386861116973,-1.87200408640894,-0.234124901403894,-11.5107535316226,-0.809313448384992,0.9862448339507,0.360138085427148,0.273326058109871,8.99070503889759,0.17267933594604,-1.63928199787601,-1.87068819905921,-0.233092940026213,-11.4455522415536,-0.807753810442519,0.982946978946292
"CS_181",-1.82898735599965,-0.151490288774636,0.769004553984567,0.944168011946719,-0.913154259158148,-4.98847489620683,0.148190965183465,-4.90976128928589,-0.476892356547541,0.249310830828107,-4.52125223425358,0.170777893760351,-1.51129807563022,-0.0746058997616927,-0.108479039107311,-4.98303159516919,0.148905259335483,-4.88347695895991,-0.475624425912839,0.246551400441896
"CS_187",2.37181386143858,-0.457824098414869,-5.38612735585023,0.855919731228268,-0.564166271918612,2.62884270354943,-0.0733378547082754,-8.41653841802732,-0.220889906511803,0.60861198657942,1.81111165623443,-0.602606179042279,-11.8202362699119,-0.0191798986547869,0.372268997530804,2.62419772754383,-0.0724394916965275,-8.38783129835563,-0.219846624033661,0.605590040707717
"CS_194",-4.86360870152494,0.346763497989597,-1.07783629806073,0.931561114701227,-1.23861496635907,-3.38636842151406,0.266101466093584,4.49665265604393,0.619715153307037,-0.344635977658755,-4.53515932918145,0.491240907352601,-2.81903970522302,-0.240883903082411,-0.369938497629788,-3.38304692959858,0.266717788110586,4.53018077627918,0.620020785121851,-0.346961453875084
"CS_196",-3.2590473449148,0.394743492270598,12.9075392895322,0.86852662847376,-1.44251806002711,-6.79531302993741,0.341135421218206,7.30551237582989,1.31512479370262,-1.34921267843283,-4.43780966468639,0.311781619740941,1.05682963707921,0.731202885561781,-0.450063170402808,-6.78747677581273,0.341689397331105,7.34740681383255,1.31482018724141,-1.35080418278157
"CS_198",-3.38673127249651,-0.000168768349943039,-3.52723534000692,-0.0181584777925897,-0.548481418559518,-1.61852679426688,0.0409996007197195,3.7815451631244,-0.0527688945480358,-0.315305271066808,-2.95438620571409,0.0554112088671407,-2.13784838284466,0.279267799613165,-1.38625671543491,-1.61754660896893,0.0418029604490268,3.80869605934483,-0.0518731422025584,-0.317652177118691
"CS_200",-3.79531984075798,-0.0850564505394055,-1.95455846436631,0.145731186398822,-0.485742005123206,-5.33294403681014,-0.30558581104639,-23.0831180564693,-0.37372719011523,1.05957160043056,-6.02785418477233,0.281871738472331,-0.779108472432356,0.603296729161228,-1.70253831848629,-5.32704452529188,-0.304494472617184,-23.0236641275963,-0.372549789334663,1.05622017083728
"CS_201",2.5378029672948,-0.509494861486716,-5.34093549160759,-0.266094123620621,1.35722826456875,1.32570944522936,-0.298439720082141,-14.3402413521658,-0.85516463346602,1.42987177115386,4.07333243116719,-0.69233582284811,-1.39473057661379,0.219578259959577,0.675899336460122,1.3227903220797,-0.297354319358087,-14.2971346941993,-0.85356476003282,1.42624978988675
"CS_202",-0.624502305812195,0.332000422826212,13.6667626088072,0.339036944163049,-0.779833005605959,2.1381366636334,0.548372059181447,11.8780747103654,1.00562929440569,-1.2062254837971,-2.32856693396015,0.65788167442057,11.6499011102136,0.871899657602388,-1.41155924367902,2.13414157236906,0.548753841844922,11.9168100210838,1.00559627750688,-1.20792145859416
"CS_204",2.45268034890699,-1.32146399547287,-27.9609699404766,-0.261891824538792,2.7414165735076,1.28671293874596,-0.537833767384505,-18.2355143785033,-0.67940175732208,1.12923202858643,2.73825131809212,-1.2606235669517,-28.6605971434677,-0.901732377818592,3.5224337639226,1.28384546206581,-0.53654945353784,-18.1794095996082,-0.677956119936667,1.12582970313371
"CS_205",-0.696856531441833,-0.059221069003482,-9.1762183703251,-0.26189182453879,1.1023493974837,3.17154408544333,-0.477091994188383,-5.27075305253879,0.145919574136417,-0.0476625734153199,3.92035438696067,-0.448783932518,-4.68411968948891,-0.19824851761556,0.94157588302329,3.16618036273712,-0.475858150835515,-5.22704110988108,0.146640972688744,-0.0502050267165984
"CS_206",1.60145416502893,0.228658896682519,-7.05220075092549,-1.06453094916852,1.34546462454944,-0.79635044924199,-0.0411804453691521,-3.5242405217538,-0.602983115520368,1.06323793875456,0.610465794128721,0.12377665176682,6.46993287266296,-0.176930824882133,0.414439877937645,-0.796459143676102,-0.0403088020305902,-3.47486394018349,-0.601604537286166,1.05988383043182
"CS_207",-2.67595740895832,0.224968127891673,2.83879193629317,-0.656907938230909,0.839628103719097,3.01555805950976,0.298258875432708,6.37380982495883,-0.239994566962233,-0.553617262126358,-0.599451464595561,0.593789071702121,-0.305553007677238,-0.952894840378812,0.140329155293117,3.01040092268157,0.298848477776523,6.41978360634534,-0.238934519696286,-0.555790050764392
"CS_209",-1.88857318887112,0.546065012695291,17.1676256921295,0.87272892755559,-1.29743316645561,-2.06373690995229,0.426888512789202,9.65711586216248,0.677029134658323,-0.560949938774345,-0.358395152512561,0.435693984996611,21.1975078265428,1.25561812680404,-1.80796551950342,-2.0621670941275,0.42737123644027,9.7179994551882,0.677284472109727,-0.56311736995349
"CS_211",3.52096920967396,0.47963117446006,5.77325032110909,0.120517391907836,-0.43868744504596,2.30387181618782,0.112460510362216,8.67728107619052,-0.434862103556598,-0.267642872854895,3.0673858980516,0.345964341190781,17.430920514569,1.40057843739133,-1.39890797955697,2.29965722742809,0.113204493039998,8.72166341751696,-0.433631055455064,-0.270024602389562
"CS_212",1.77041965708616,-0.740813498954077,-11.9062776271546,-0.561660733672048,1.70014839695499,0.838253114186934,-0.42349631195651,-10.8472162905961,-1.11880894768193,1.26488654657417,1.96872539875024,-0.82906670864747,-14.0532324229487,-0.974212533112239,2.54406933848364,0.835979571906087,-0.422307001392286,-10.7927803548035,-1.11697772017705,1.26138510813203
"CS_213",2.32925255224468,-0.996676341878411,-21.7425694207022,-0.850213695995136,3.1374591208244,-2.57394120311003,-0.187675310136271,-8.8531665507235,-0.816955312565163,1.59852333405753,-0.172967220141022,-0.7051543433918,-27.4985648876459,-1.39630284923406,3.24832304127805,-2.57169567930922,-0.186681943842082,-8.80010827946082,-0.81538896870757,1.59477813123602
"CS_214",3.03577028486347,-0.561165624558562,-6.68464025508615,0.494522010190796,0.239682462734267,-1.14731900759254,-0.255563174296642,-13.4222908684659,-0.301129480403602,0.894586375850875,3.91571868865138,-0.58124197813613,-6.14485616154075,-0.0831329768550637,1.08495687640658,-1.14696288380111,-0.254513399803504,-13.369511486712,-0.300015785816687,0.891355489082556
"CS_215",-0.52661129466622,0.0367389195585182,-0.966363032929333,-0.287105619029777,0.545537103236335,1.46544692679485,-0.20911358302902,-1.61957921849598,0.317861518190271,0.021997854740545,3.10910718283519,-0.124048078744519,-2.42926713038614,0.0191919482653769,1.51931694459715,1.46234273712947,-0.208102403619373,-1.58526111011706,0.318432033652371,0.0194045055798346
"CS_216",-3.10157050089736,-0.14779951998379,-11.4478627462502,0.523938103763614,-1.01510580599217,-4.66350400884521,-0.41635022099226,-6.33653825833262,1.17375030636946,-0.41429640581462,-2.39810240859947,-0.72224570411672,-27.9393357433026,-0.155613132148709,1.92837448454361,-4.65849109505345,-0.415166848133189,-6.2920899777366,1.17356975933798,-0.416570986171509
"CS_218",3.52096920967396,-0.856427127826256,-6.66053792749015,0.607984085400235,0.000488449008288578,1.65717975033821,-0.480665039670508,-5.72800928599215,0.398101092082069,-0.201648783023023,4.16604639735296,-1.40162729293229,-24.5297363970669,0.283531338159851,2.8392655013316,1.65382163219776,-0.479428227465063,-5.67367450607855,0.398601195435397,-0.204078729687661
"CS_220",4.15938884758251,-0.361864109852869,-3.03012483333893,-0.934259677631756,1.64347683837197,0.902711318138999,-0.362380776142455,-10.1565822361468,-0.350510544532783,0.635521296877322,3.09056438959804,-0.60687901922351,11.653543844558,-0.25793805726915,0.94579297106397,0.900503969856384,-0.361472698772049,-10.1310727279689,-0.349510990573405,0.633440326514419
"CS_223",2.98871560735583,-0.0550256568158471,-2.82630549465479,-0.107502444059182,0.100386861116973,1.08198127970815,0.0159882823448455,-9.08351367584675,-0.648834300601396,0.78092988780709,3.20182114902096,-0.32914440744356,8.9542776954547,0.969961044176142,0.207802563944067,1.07938494699289,0.0168124240421862,-9.04060318510595,-0.647415486876467,0.777782041651533
"CS_224",1.60307037283473,-0.429412321028514,-16.7406972407481,-0.803331217481301,2.29360832132105,1.20547021690556,-0.616440767991251,-27.4012671483313,-0.988897256619018,2.39778508868801,3.53559142728973,-0.594060498679819,-15.6196081909845,-0.577703448270528,2.19405103110678,1.20271033703688,-0.615091139387908,-27.3182160141104,-0.987180029671197,2.39345592284775
"CS_226",-3.88044245914578,0.32461888524452,9.09033315651173,0.616388683563896,-1.20724525964089,8.64730353748655,0.748462606180438,6.53883463101686,0.0503962718842766,-0.106323986599205,-5.00336485841958,0.170777893760351,-3.27073876391213,0.151361643212614,-0.538622019257197,8.6346877896874,0.748678133099641,6.55720926671392,0.0512014943756177,-0.108823580229384
"CS_228",-0.432976414439633,-0.214233358219021,-1.72558635220426,-0.724144723540205,0.196549115996799,-1.1798160963287,0.0517187371660938,-0.543479962323558,0.51272905478464,-1.01924222927346,-1.51268403152539,0.226324816116341,2.88548227790248,-0.0447611299348965,-0.593444163786097,-1.17941693381268,0.052513190337672,-0.520212242261536,0.513128569411149,-1.02107481927215
"CS_230",1.80149231824028,-0.14779951998379,1.24502552400593,0.00285301761656599,1.46310102474255,1.01048768448859,-0.341316265867639,-7.0722738520096,0.657924474207893,-0.0109991901753951,0.578015905963705,-0.42314689143062,-5.22688710678456,-0.722663758857819,2.02115042143868,1.00798603696743,-0.34019523891267,-7.01357469467095,0.658196576447102,-0.0135684307711073
"CS_231",-6.24685125032679,0.47963117446006,2.13982443600826,-0.072788365856393,-0.736699658868491,4.11720936766563,0.237517102236586,-6.60470356817738,-0.213248042331633,0.48029014523967,-5.67090541495712,0.491240907352601,-7.13932263752606,-1.13196345933959,0.477696198547924,4.11059321807394,0.238157175074197,-6.53258488338147,-0.212211465768611,0.477361954898498
"CS_232",3.46989563864128,-0.413534872924715,3.9444862147608,0.885335824801085,-0.042644897729179,1.95615296671089,-0.284147538153641,-13.4532330196019,-0.824597176745335,1.27221922322215,4.49054527900315,-0.196686361825429,-11.3976790859766,-0.509486831523568,1.19038407742371,1.95239889230424,-0.283074012839892,-13.4038679018043,-0.82302412697262,1.26871242732113
"CS_233",2.35053320684163,-0.443061023251485,-3.74415628837097,0.0995058964986795,0.322027942869433,2.61259415918136,0.0195613278269702,6.09876848152808,-0.270562023682918,-0.861589681341765,2.64090165359706,-0.11550239838206,3.70145477101858,0.304849030893277,-1.87543892815438,2.60797070253805,0.0203825006717349,6.14493228560846,-0.269475152756486,-0.863537456706534
"CS_237",3.35072397289835,-0.324956421944407,6.71625388830344,1.28875653665686,-0.799439072304821,2.45010871550055,-0.391338902617387,-10.2146212007055,0.451594141343269,-0.289640902798855,1.55614824922357,-0.48723949414907,0.273641753061304,0.786628886668687,-0.323550529182249,2.44570045248018,-0.390176311726349,-10.1743648831455,0.452047303290749,-0.292006559956848
"CS_238",1.53761220123808,-0.461514867205715,-12.3034953759092,-0.404769993321047,0.988634210630362,-1.91100059289233,-0.752216496311995,-22.6327378566017,-0.564773794619511,1.47386783104176,2.50646640262769,-0.85897658991608,-11.3831081485994,-0.283519288549261,1.82716437156716,-1.9096330590731,-0.750754051310754,-22.5770307313985,-0.563428745960915,1.47021370502134
"CS_240",4.64884390331239,-0.188397976683098,-5.13606570704154,-1.06873324825035,0.314185516189895,2.25512618308358,-0.109068309529524,-5.29481917008884,-0.687043621502251,0.769930872835118,4.5090880722403,-0.32487156726233,-9.60181105425207,-0.449797291869977,1.24520622195262,2.25097615241073,-0.108140257992013,-5.26139752497336,-0.685591278201718,0.766791062867886
"CS_241",-3.0377285371065,0.398434261061444,5.93895382333176,-0.282903319947946,-0.258311631416535,-3.28237773755835,0.219651874825961,-2.06995941836389,-1.39773699025818,1.66818376221339,-3.19544251779709,0.619426112789501,2.77620024757436,-1.36645807940726,0.861451210250261,-3.27919396956154,0.220306791926454,-2.03189450631452,-1.39566099685138,1.66438766353245
"CS_243",-5.37860054277117,0.468558868087521,13.3022149039172,1.49466919166658,-2.56398507520137,0.139565706359461,0.755608697144687,19.9711662408138,0.803119893631148,-1.8368356755239,-4.44244536299568,1.03389161036881,28.0567765968018,1.07654950784327,-3.57914249659117,0.138217496657239,0.755818286358738,19.9905675677305,0.803264583483055,-1.83807090885662
"CS_244",2.61015719292444,-0.479968711159946,-0.637968819433383,0.284407056099245,0.772967476943007,1.44594867355316,-0.427069357438635,-7.45389371601995,-0.358443461754888,0.546284235071533,3.43824176279467,-1.01707167662159,-16.31537045074,-0.479642061696773,3.91884003974699,1.44287030712253,-0.425877078021835,-7.4258516757764,-0.357279472804562,0.543307827600382
"CS_245",2.44416808706821,0.0810281450486725,13.1214474469469,0.0953035974168489,-0.230863138038143,4.64366220519145,0.319697148325457,18.2384057772003,0.000724154713163617,-1.56186030122443,4.09187522440434,0.204960615210191,12.0068890759523,-0.667237757750914,-0.289813824856769,4.63634882826144,0.320268937553814,18.2727468131246,0.00157296565279268,-1.56329643926543
"CS_248",-2.99091109699321,0.217586590309981,-1.4845630762437,0.250788663444594,-0.815123925663888,-1.38454775536651,0.283966693504209,18.5753314229032,0.493624394334211,-1.23922252871304,-4.36363849173778,0.461331026083991,-2.57861923850131,0.0788814879189682,-0.724173893047336,-1.3838774488856,0.284568171258328,18.5819545489538,0.494040673748523,-1.2408943949451
"CS_251",4.11257140746922,-0.417225641715561,-0.604828118989,-0.261891824538788,1.34546462454944,-0.435632764270597,-0.587856404134253,-23.8738619188326,-0.457787696097115,1.48120050768975,4.06406103454861,-1.00852599625913,-14.9311313999176,-1.13622699788627,2.79287753288406,-0.436219188547627,-0.586530526351521,-23.8138616747146,-0.456536530250214,1.47754102421043
"CS_252",2.07388469708126,0.136389676911365,5.01101421088479,-1.10655393998683,1.32193734451082,0.890248456164794,-0.487811130634757,-8.04523260439583,-0.870448361826363,1.15856273517838,3.71638366135198,-0.5769691379549,-2.21434580407432,-0.923050070552016,2.68745033186694,0.887906051924607,-0.48656838072416,-8.00991073234245,-0.868835076562921,1.15513897989012
"CS_257",1.6142225577871,-0.417225641715561,-7.48905543860321,-0.791381508849501,1.66700411841059,2.88556970456511,0.444753740199826,23.5948359405132,-1.05767403424056,-0.245644842910943,1.81574735454372,0.0895939303169806,11.4459079869348,-0.645920065017489,0.823497417884101,2.88058472263527,0.445221619588013,23.6323475674945,-1.05589645405665,-0.248042644822259
"CS_258",2.72081659682859,-0.336028728316946,-5.69644482364917,-0.320724011684425,1.55328893155725,0.65626941726443,-0.384192811653137,-7.40919949771245,-0.629729640150968,1.05590526210656,4.03161114638359,-0.45305677269923,-13.2809727419638,-0.00638928301473155,1.1650815491796,0.654236891841272,-0.383036158467252,-7.35713884559212,-0.628327591213843,1.05255651124272
"CS_262",-3.95279668477542,0.00352200044090279,4.16140716312485,1.16688986328376,-1.03079065935124,-0.848345791219849,-0.0912030821188998,13.6005211236001,1.00562929440569,-1.1035680107253,-3.85371167771605,0.12377665176682,0.459421204619364,0.334693800720071,-0.319333441141569,-0.848385623694621,-0.0902898748442704,13.6346307756894,1.00559627750688,-1.10533898994677
"CS_265",2.03132338788735,-0.162562595147175,-3.61761906849194,-1.15277922988697,2.36498009288968,1.84566286500794,0.0695839645767179,0.395098622133759,-0.923941411087561,1.21722414836226,3.63294109178479,0.145140852672971,9.73382284512819,-0.611811756644008,0.84036577004685,1.84205512226489,0.0703635734854148,0.407410965225675,-0.922281184418271,1.2137575334029
"CS_268",4.01893652724263,0.335691191617058,12.8412578886432,0.565961094581925,-0.893548192459303,2.42411104451162,-0.0840569911546502,1.85281774231654,0.111531185325647,-0.0953249716272334,4.51372377054959,-0.0257727545762299,-3.18695587399389,-0.228093287442356,0.283710148676406,2.41973721247092,-0.0831497215851732,1.88473681418665,0.112282760496019,-0.0978326014457367
"CS_272",-5.90636077677557,0.516538862368521,-2.08410847519497,0.364250738654035,-1.97580307423585,-0.243062541743358,0.443742238213947,5.3569712162438,-0.263939155383025,-0.0706946306667181,-5.17488569586325,0.40151126354677,-6.57105607981998,-0.394371290763072,-1.03623840805804,-0.243023348077297,0.44360860851606,5.36091918797525,-0.263062479543487,-0.0719612806191127
"CS_273",-2.12691652035698,-0.00755030593163551,-7.70597638696751,-0.308117114438932,0.0357793690662271,1.31271060973489,-0.0626187182619012,0.137247362667595,-0.22471083860189,0.15765237272829,0.758808140025952,-0.0984110376571389,-17.9873855147596,-0.80793452979152,0.334315205164626,1.30980870207507,-0.0617292618078818,0.166916059580803,-0.223664203166187,0.15495991057816
"CS_274",0.121096859977948,-0.751150860586275,-17.1072058550703,-0.890309814159065,2.11944073477544,-0.377138004545506,-0.112641355011649,-1.72615773907558,-0.282024819953175,0.245644492504113,-0.0570747624088117,-0.448783932518,-23.2110665644411,-1.82265670390256,2.4976813700361,-0.377801898526793,-0.111710334621562,-1.68833035539335,-0.280927890154062,0.242887740847338
"CS_276",0.643824708166114,-0.014931843513328,-4.5033796076459,-1.00569876202288,1.2199857976768,0.081070946634372,-0.144798764350772,-4.27029016580938,-0.274382955773004,0.876254684230917,3.47996304757827,-0.62397037994843,-8.93519066925086,-0.658710680657545,2.65371362754145,0.0798002066364051,-0.143841024287499,-4.23070507220985,-0.273292731889012,0.873037191109819
"CS_277",0.933241610684657,-0.494731786323331,-10.5048591790559,-0.00555158054709651,0.208312756016115,2.27787414519889,-0.587856404134253,-14.7424893169333,-0.503638881178141,0.850590315962972,0.527023224561531,-0.55133209686752,-14.3264374987692,-0.125768362321913,0.962661323226719,2.27369398741883,-0.586530526351521,-14.7094116753047,-0.502347479840515,0.847391573947975
"CS_278",-5.59991935057947,0.391052723479752,1.29021738824856,0.965179507355874,-2.0738334077301,0.0713218200135241,-0.0483265363334017,3.44118150062869,0.405742956262241,-0.755265869945975,-3.96496843713897,0.568152030614741,3.79252312962567,-0.0575517455749542,-1.02358714393598,0.0700639916329328,-0.0474489552896877,3.49948832351567,0.406236353700448,-0.757291328464601
"CS_280",2.13347052995272,-0.265904121290868,-0.101692030422009,0.645804777136715,-1.81503332730528,3.23653826291566,0.151764010665589,0.419164739684077,-0.690864553592338,0.311638582335993,-1.35970598731887,0.128049491948051,-5.50009218260501,-0.104450669588489,-0.943462471162964,3.23108846276028,0.152475335965032,0.441767380317685,-0.689408857334243,0.308833613549231
"CS_281",0.57572661345587,0.439032717760752,7.85207607626607,-0.198857338311324,0.051464222425303,-0.198404016496618,-0.101922218565274,-8.73283596297245,-0.354622529664801,1.25755386992618,-0.446473420389043,0.17505073394158,-11.5251747880258,-0.407161906403128,1.02170055579631,-0.199304623463135,-0.101000104732916,-8.69703903418478,-0.353461893672037,1.25405778894293
"CS_282",1.30352500067161,0.224968127891673,-3.27717369119799,-0.442590685057526,0.694543210147601,2.03414597967768,0.269674511575709,14.0990335585684,-1.01182284915953,1.04490624713458,1.91773271734806,0.192142094666501,-4.82618632891522,-0.641656526470804,0.726504392948351,2.03028861233203,0.270287864740134,14.1156205869791,-1.01008550446635,1.04156553245908
"CS_285",-1.99923259277527,0.0478112259310571,-1.20738630888939,-0.161036646574845,0.19262790265703,-1.73226660484344,0.0124152368627208,5.19457006499941,0.00836601889333433,0.417962393731783,-3.73318352167455,0.115230971404361,-6.49820139293474,-0.547858678443732,0.465044934425864,-1.73113578400944,0.0132423474126377,5.25166549321353,0.00920812391784158,0.415079741791155
"CS_287",1.3971598808982,-0.291739502826791,-24.2823521911332,-1.60662753072472,2.29831946611358,1.07873157083453,0.0231343733090954,-5.10916626327309,-0.931583275267733,0.865255669258937,2.69653003330852,-0.28641600563126,-1.33644682710544,-0.360262982389592,0.515649990914084,1.07613954199174,0.0239525773012834,-5.05525903442049,-0.929916342683321,0.862046212326171
"CS_289",2.97192832107261,-0.402462566552176,0.443623131438242,-0.417376890566538,0.890603877136103,1.20222050803194,-0.334170174903389,4.42789232018638,0.401922024172156,-0.634276705254195,4.48127388238457,-0.57269629777367,5.65031764520243,0.530816573867583,-0.0663081587004516,1.19946493203572,-0.333055085653573,4.46146794609489,0.402418774567923,-0.636390561844472
"CS_290",-2.98665496607382,-0.240068739754945,-6.10919718373114,0.21717027078995,0.349476436247834,-2.55444294986833,-0.448507630331384,-9.83300133669546,0.443952277163097,0.0219978547405364,-3.83053318616961,-0.435965411974309,-17.4227616913976,-0.300573442736001,0.97531258734877,-2.55222324930228,-0.447297537799126,-9.79644431713231,0.444412145025698,0.0194045055798432
